<ingredients><ingredient category="" food="kirsch" /><ingredient category="" food="lemonade" /><ingredient category="" food="fruit syrup" /><ingredient category="" food="nutmeg" /><ingredient category="" food="apple" /><ingredient category="" food="blue curacao" /><ingredient category="" food="ice cube" /><ingredient category="" food="powdered sugar" /><ingredient category="" food="pear liqueur" /><ingredient category="" food="pineapple juice" /><ingredient category="" food="peach syrup" /><ingredient category="" food="white wine" /><ingredient category="" food="litchi liqueur" /><ingredient category="" food="apple liqueur" /><ingredient category="" food="granulated sugar" /><ingredient category="" food="coca-cola" /><ingredient category="" food="pepper" /><ingredient category="" food="cucumbers" /><ingredient category="" food="sugar" /><ingredient category="" food="sangria syrup" /><ingredient category="" food="pear" /><ingredient category="" food="lime" /><ingredient category="" food="amber rum" /><ingredient category="" food="mint" /><ingredient category="" food="apple cider" /><ingredient category="" food="syrup" /><ingredient category="" food="ice cream" /><ingredient category="" food="brown sugar" /><ingredient category="" food="vodka" /><ingredient category="" food="orgeat" /><ingredient category="" food="pineapple" /><ingredient category="" food="blood orange" /><ingredient category="" food="apricot liqueur" /><ingredient category="" food="berry juice" /><ingredient category="" food="cacha&#231;a" /><ingredient category="" food="orange juice" /><ingredient category="" food="egg" /><ingredient category="" food="cava" /><ingredient category="" food="white rum" /><ingredient category="" food="grapefruit" /><ingredient category="" food="brown_sugar" /><ingredient category="" food="liqueur" /><ingredient category="" food="gin" /><ingredient category="" food="strawberry juice" /><ingredient category="" food="porto" /><ingredient category="" food="citrus fruit" /><ingredient category="" food="orange" /><ingredient category="" food="currant" /><ingredient category="" food="worcestershire sauce" /><ingredient category="" food="dark rum" /><ingredient category="" food="peach juice" /><ingredient category="" food="cherry juice" /><ingredient category="" food="cranberry juice" /><ingredient category="" food="benedictine" /><ingredient category="" food="ginger" /><ingredient category="" food="creme de cassis" /><ingredient category="" food="lemon juice" /><ingredient category="" food="banana juice" /><ingredient category="" food="blush wine" /><ingredient category="" food="guava juice" /><ingredient category="" food="passion fruit juice" /><ingredient category="" food="cointreau" /><ingredient category="" food="cane sugar" /><ingredient category="" food="soft drink" /><ingredient category="" food="hard cider" /><ingredient category="" food="martini" /><ingredient category="" food="pear juice" /><ingredient category="" food="sparkling mineral water" /><ingredient category="" food="strawberry" /><ingredient category="" food="vanilla sugar" /><ingredient category="" food="coriander" /><ingredient category="" food="berry" /><ingredient category="" food="whiskey" /><ingredient category="" food="crushed ice" /><ingredient category="" food="get_27" /><ingredient category="" food="salt" /><ingredient category="" food="angostura bitter" /><ingredient category="" food="passion fruit syrup" /><ingredient category="" food="tomato juice" /><ingredient category="" food="grenadine" /><ingredient category="" food="water" /><ingredient category="" food="blackcurrant" /><ingredient category="" food="rum" /><ingredient category="" food="malibu rum" /><ingredient category="" food="calvados" /><ingredient category="" food="melon" /><ingredient category="" food="cane sugar syrup" /><ingredient category="" food="campari" /><ingredient category="" food="litchi" /><ingredient category="" food="kumquat" /><ingredient category="" food="banana" /><ingredient category="" food="orange syrup" /><ingredient category="" food="apple juice" /><ingredient category="" food="currant syrup" /><ingredient category="" food="apricot" /><ingredient category="" food="tamarin juice" /><ingredient category="" food="champagne" /><ingredient category="" food="lemon syrup" /><ingredient category="" food="celery salt" /><ingredient category="" food="pastis" /><ingredient category="" food="cherry" /><ingredient category="" food="apricot juice" /><ingredient category="" food="vermouth" /><ingredient category="" food="coffee liqueur" /><ingredient category="" food="pistachio nut" /><ingredient category="" food="lemon liqueur" /><ingredient category="" food="schweppes" /><ingredient category="" food="creme de cafe" /><ingredient category="" food="lime juice" /><ingredient category="" food="sparkling wine" /><ingredient category="" food="litchi juice" /><ingredient category="" food="beer" /><ingredient category="" food="grand marnier" /><ingredient category="" food="anise basil" /><ingredient category="" food="cognac" /><ingredient category="" food="sour cream" /><ingredient category="" food="cr&#233;mant" /><ingredient category="" food="lemon slice" /><ingredient category="" food="rice wine" /><ingredient category="" food="cinnamon" /><ingredient category="" food="coffee" /><ingredient category="" food="dry white wine" /><ingredient category="" food="juice" /><ingredient category="" food="lemon" /><ingredient category="" food="noilly_prat" /><ingredient category="" food="white martini" /><ingredient category="" food="rice milk" /><ingredient category="" food="red martini" /><ingredient category="" food="prosecco" /><ingredient category="" food="whole milk" /><ingredient category="" food="soda water" /><ingredient category="" food="lemon zest" /><ingredient category="" food="stout" /><ingredient category="" food="kiwi fruit" /><ingredient category="" food="plum brandy" /><ingredient category="" food="strawberry syrup" /><ingredient category="" food="lemongrass" /><ingredient category="" food="grape juice" /><ingredient category="" food="manguo juice" /><ingredient category="" food="lime zest" /><ingredient category="" food="multivitamin juice" /><ingredient category="" food="noilly prat" /><ingredient category="" food="wasabi" /><ingredient category="" food="mangalore" /><ingredient category="" food="light whipping cream" /><ingredient category="" food="fruit" /><ingredient category="" food="raspberry" /><ingredient category="" food="triple sec" /><ingredient category="" food="clementine orange" /><ingredient category="" food="pisang ambon" /><ingredient category="" food="grapefruit juice" /><ingredient category="" food="mint syrup" /><ingredient category="" food="coconut milk" /><ingredient category="" food="tequila" /><ingredient category="" food="sparkling water" /><ingredient category="" food="tabasco sauce" /><ingredient category="" food="coconut" /></ingredients>