<cocktails><cocktail title="Ti'punch"><ingredient food="white rum" quantity="6" unit="cl" /><ingredient food="syrup" quantity="2" unit="cl" /><ingredient food="lime" quantity="1" unit="" /></cocktail><cocktail title="Exotic Cocktail passion fruit"><ingredient food="lemonade" quantity="1" unit="l" /><ingredient food="blue curacao" quantity="35" unit="cl" /><ingredient food="passion fruit syrup" quantity="35" unit="l" /><ingredient food="lemon juice" quantity="20" unit="cl" /><ingredient food="ice cube" quantity="5" unit="" /></cocktail><cocktail title="Builder"><ingredient food="cucumbers" quantity="1" unit="" /><ingredient food="lemon" quantity="1" unit="" /><ingredient food="sugar" quantity="2" unit="" /><ingredient food="ice cube" quantity="3" unit="" /></cocktail><cocktail title="Raspberry cocktail"><ingredient food="raspberry" quantity="450" unit="g" /><ingredient food="cane sugar" quantity="75" unit="cl" /><ingredient food="kirsch" quantity="50" unit="cl" /><ingredient food="lemonade" quantity="1" unit="l" /><ingredient food="lemon" quantity="1" unit="" /><ingredient food="cr&#233;mant" quantity="225" unit="cl" /></cocktail><cocktail title="Cocktail for lovers"><ingredient food="orange juice" quantity="12" unit="cl" /><ingredient food="cointreau" quantity="18" unit="cl" /><ingredient food="cognac" quantity="10" unit="cl" /><ingredient food="grenadine" quantity="3" unit="cl" /><ingredient food="champagne" quantity="10" unit="cl" /><ingredient food="raspberry" quantity="10" unit="" /></cocktail><cocktail title="Coconut kiss"><ingredient food="pineapple juice" quantity="3" unit="cl" /><ingredient food="orange juice" quantity="4" unit="cl" /><ingredient food="coconut" quantity="2" unit="cl" /><ingredient food="sour cream" quantity="3" unit="cl" /></cocktail><cocktail title="Shot spice"><ingredient food="grenadine" quantity="3" unit="cl" /><ingredient food="tabasco sauce" quantity="1" unit="" /><ingredient food="vodka" quantity="6" unit="cl" /></cocktail><cocktail title="Cocktail Martini"><ingredient food="martini" quantity="1" unit="l" /><ingredient food="citrus fruit" quantity="2" unit="l" /><ingredient food="lemon" quantity="1" unit="" /></cocktail><cocktail title="Cocktail Sparkling Strawberry Lime (without alcohol)"><ingredient food="strawberry" quantity="400" unit="g" /><ingredient food="sugar" quantity="2" unit="tsp" /><ingredient food="lime juice" quantity="10" unit="cl" /><ingredient food="lemonade" quantity="30" unit="cl" /></cocktail><cocktail title="Citrus cocktail without alcohol"><ingredient food="orange juice" quantity="6" unit="cl" /><ingredient food="lemon juice" quantity="5" unit="cl" /><ingredient food="strawberry" quantity="2" unit="" /></cocktail><cocktail title="Citrouillette (champagne cocktail)"><ingredient food="noilly_prat" quantity="4" unit="cl" /><ingredient food="champagne" quantity="8" unit="cl" /></cocktail><cocktail title="Cocktail Grand Paradis"><ingredient food="cognac" quantity="1" unit="cl" /><ingredient food="apricot juice" quantity="5" unit="cl" /><ingredient food="champagne" quantity="10" unit="cl" /></cocktail><cocktail title="Cocktail Red Lion"><ingredient food="whiskey" quantity="2" unit="cl" /><ingredient food="creme de cassis" quantity="2" unit="cl" /><ingredient food="benedictine" quantity="0.5" unit="cl" /><ingredient food="pastis" quantity="0.5" unit="cl" /><ingredient food="ice cube" quantity="1" unit="" /></cocktail><cocktail title="Bacardi Cocktail"><ingredient food="rum" quantity="24" unit="cl" /><ingredient food="grenadine" quantity="6" unit="cl" /><ingredient food="lemon juice" quantity="12" unit="cl" /></cocktail><cocktail title="Cocktail Balalaika"><ingredient food="vodka" quantity="4" unit="cl" /><ingredient food="cointreau" quantity="2" unit="cl" /><ingredient food="lemon juice" quantity="4" unit="cl" /><ingredient food="lemon" quantity="1" unit="" /><ingredient food="ice cube" quantity="2" unit="" /></cocktail><cocktail title="Raifortissimo"><ingredient food="apple juice" quantity="5" unit="cl" /><ingredient food="lemon juice" quantity="3" unit="cl" /><ingredient food="wasabi" quantity="10" unit="g" /><ingredient food="kiwi fruit" quantity="1" unit="" /><ingredient food="ice cube" quantity="3" unit="" /></cocktail><cocktail title="Cocktail Cranberry-orange"><ingredient food="cranberry juice" quantity="25" unit="cl" /><ingredient food="orange juice" quantity="10" unit="cl" /><ingredient food="raspberry" quantity="150" unit="g" /><ingredient food="lemon" quantity="2" unit="" /><ingredient food="lemon juice" quantity="1" unit="csp" /></cocktail><cocktail title="Pi&#241;a Colada (cocktail)"><ingredient food="malibu rum" quantity="125" unit="g" /><ingredient food="light whipping cream" quantity="150" unit="g" /><ingredient food="pineapple juice" quantity="20" unit="cl" /><ingredient food="white rum" quantity="20" unit="cl" /><ingredient food="ice cube" quantity="0" unit="" /></cocktail><cocktail title="Coconut cocktail lovers"><ingredient food="coconut" quantity="1" unit="" /><ingredient food="white rum" quantity="10" unit="cl" /></cocktail><cocktail title="Cocktail appetizer"><ingredient food="dry white wine" quantity="2" unit="l" /><ingredient food="sugar" quantity="200" unit="g" /><ingredient food="lemon" quantity="2" unit="" /><ingredient food="orange" quantity="2" unit="" /><ingredient food="rum" quantity="30" unit="cl" /><ingredient food="sparkling water" quantity="1" unit="bouteille" /></cocktail><cocktail title="Porto Flip"><ingredient food="porto" quantity="4" unit="cl" /><ingredient food="cognac" quantity="2" unit="cl" /><ingredient food="egg" quantity="1" unit="" /><ingredient food="cinnamon" quantity="0" unit="" /><ingredient food="nutmeg" quantity="0" unit="" /><ingredient food="cane sugar syrup" quantity="2" unit="" /><ingredient food="ice cube" quantity="0" unit="" /></cocktail><cocktail title="Shoot up"><ingredient food="mangalore" quantity="1" unit="cl" /><ingredient food="sparkling water" quantity="8" unit="cl" /><ingredient food="apricot" quantity="3" unit="cl" /></cocktail><cocktail title="The kiss of Smurfette"><ingredient food="vodka" quantity="2" unit="cl" /><ingredient food="blue curacao" quantity="2" unit="cl" /><ingredient food="lemonade" quantity="5" unit="cl" /><ingredient food="banana juice" quantity="5" unit="cl" /></cocktail><cocktail title="Cocktail Praslin Islands"><ingredient food="manguo juice" quantity="40" unit="cl" /><ingredient food="pineapple juice" quantity="30" unit="cl" /><ingredient food="passion fruit juice" quantity="20" unit="l" /><ingredient food="lime juice" quantity="10" unit="cl" /><ingredient food="sugar" quantity="15" unit="g" /></cocktail><cocktail title="Arranged with apple rum"><ingredient food="rum" quantity="25" unit="cl" /><ingredient food="apple juice" quantity="1" unit="l" /><ingredient food="cane sugar" quantity="10" unit="cl" /><ingredient food="cinnamon" quantity="0" unit="" /></cocktail><cocktail title="Gin fizz easy"><ingredient food="gin" quantity="6" unit="cl" /><ingredient food="lime" quantity="3" unit="cl" /><ingredient food="cane sugar" quantity="1" unit="tsp" /><ingredient food="sparkling water" quantity="5" unit="cl" /></cocktail><cocktail title="Cider cocktail"><ingredient food="hard cider" quantity="9" unit="cl" /><ingredient food="creme de cassis" quantity="2" unit="cl" /><ingredient food="cointreau" quantity="2" unit="cl" /></cocktail><cocktail title="Planter's Punch"><ingredient food="dark rum" quantity="4" unit="cl" /><ingredient food="lemon juice" quantity="2" unit="cl" /><ingredient food="orange juice" quantity="10" unit="cl" /><ingredient food="syrup" quantity="2" unit="cl" /><ingredient food="grenadine" quantity="1" unit="cl" /></cocktail><cocktail title="Coconut cocktail"><ingredient food="vodka" quantity="30" unit="cl" /><ingredient food="rice milk" quantity="1" unit="l" /><ingredient food="coconut" quantity="2" unit="l" /><ingredient food="ice cream" quantity="30" unit="g" /><ingredient food="cane sugar" quantity="10" unit="cl" /><ingredient food="ice cube" quantity="5" unit="" /></cocktail><cocktail title="Walnut cocktail coconut coffee"><ingredient food="malibu rum" quantity="2" unit="cl" /><ingredient food="coconut milk" quantity="2" unit="cl" /><ingredient food="tamarin juice" quantity="2" unit="cl" /><ingredient food="coffee" quantity="15" unit="cl" /><ingredient food="cane sugar syrup" quantity="1" unit="cl" /><ingredient food="ice cube" quantity="5" unit="" /></cocktail><cocktail title="Rinse drops (cocktail)"><ingredient food="apple cider" quantity="1" unit="l" /><ingredient food="cognac" quantity="25" unit="cl" /><ingredient food="creme de cassis" quantity="25" unit="cl" /><ingredient food="ice cube" quantity="0" unit="" /></cocktail><cocktail title="Cocktail MAP"><ingredient food="white martini" quantity="4" unit="cl" /><ingredient food="angostura bitter" quantity="1" unit="cl" /><ingredient food="grapefruit juice" quantity="4" unit="xl" /></cocktail><cocktail title="Mojito with Basil"><ingredient food="white rum" quantity="5" unit="cl" /><ingredient food="sparkling water" quantity="10" unit="cl" /><ingredient food="cane sugar syrup" quantity="5" unit="cl" /><ingredient food="brown sugar" quantity="1" unit="tsp" /><ingredient food="lime" quantity="1" unit="" /><ingredient food="anise basil" quantity="0" unit="" /><ingredient food="ice cube" quantity="0" unit="" /></cocktail><cocktail title="Cocktail orchard"><ingredient food="apricot liqueur" quantity="4" unit="cl" /><ingredient food="apple liqueur" quantity="5" unit="cl" /><ingredient food="pear juice" quantity="12" unit="cl" /><ingredient food="ice cube" quantity="3" unit="" /></cocktail><cocktail title="Cocktail Pomenas"><ingredient food="grapefruit juice" quantity="20" unit="cl" /><ingredient food="pineapple juice" quantity="20" unit="cl" /><ingredient food="apple juice" quantity="20" unit="cl" /><ingredient food="raspberry" quantity="4" unit="" /><ingredient food="ice cube" quantity="4" unit="" /></cocktail><cocktail title="Cocktail KidiCana"><ingredient food="apple juice" quantity="5" unit="cl" /><ingredient food="currant syrup" quantity="1" unit="cl" /><ingredient food="lemongrass" quantity="1" unit="" /><ingredient food="ginger" quantity="1" unit="" /><ingredient food="ice cube" quantity="5" unit="" /></cocktail><cocktail title="Cocktail paradise"><ingredient food="orange juice" quantity="10" unit="cl" /><ingredient food="vodka" quantity="4" unit="cl" /><ingredient food="pisang ambon" quantity="2" unit="cl" /><ingredient food="cane sugar syrup" quantity="2" unit="cl" /></cocktail><cocktail title="Cava Cocktail Vodka Lemon"><ingredient food="cava" quantity="10" unit="cl" /><ingredient food="vodka" quantity="2" unit="cl" /><ingredient food="lime" quantity="2" unit="cl" /><ingredient food="lime zest" quantity="1" unit="" /></cocktail><cocktail title="Aperol Spritz: Italian sparkling cocktail"><ingredient food="prosecco" quantity="8" unit="cl" /><ingredient food="soda water" quantity="5" unit="cl" /><ingredient food="ice cube" quantity="5" unit="" /><ingredient food="blood orange" quantity="1" unit="" /></cocktail><cocktail title="Limoncello cocktail"><ingredient food="orange" quantity="2" unit="" /><ingredient food="amber rum" quantity="5" unit="cl" /><ingredient food="lemon liqueur" quantity="1" unit="" /><ingredient food="ice cube" quantity="0" unit="" /></cocktail><cocktail title="Cuban Mojito"><ingredient food="cane sugar" quantity="3" unit="" /><ingredient food="lime" quantity="1" unit="" /><ingredient food="mint" quantity="1" unit="" /><ingredient food="sparkling water" quantity="0" unit="" /><ingredient food="rum" quantity="0" unit="" /><ingredient food="ice cube" quantity="2" unit="" /></cocktail><cocktail title="Delicious tropical cocktail"><ingredient food="orange juice" quantity="0.25" unit="cl" /><ingredient food="grapefruit juice" quantity="0.25" unit="cl" /><ingredient food="pineapple juice" quantity="0.25" unit="cl" /><ingredient food="lemon" quantity="1" unit="" /><ingredient food="malibu rum" quantity="20" unit="cl" /><ingredient food="grenadine" quantity="5" unit="cl" /></cocktail><cocktail title="Cocktail champanis&#233;"><ingredient food="sparkling wine" quantity="4" unit="l" /><ingredient food="cointreau" quantity="1" unit="l" /><ingredient food="lemon" quantity="12" unit="" /><ingredient food="cane sugar syrup" quantity="200" unit="g" /><ingredient food="ice cube" quantity="0" unit="" /></cocktail><cocktail title="Negroni Cocktail"><ingredient food="campari" quantity="3" unit="cl" /><ingredient food="gin" quantity="3" unit="cl" /><ingredient food="angostura bitter" quantity="0.5" unit="cl" /><ingredient food="soft drink" quantity="25" unit="cl" /><ingredient food="ice cube" quantity="0" unit="" /><ingredient food="orange" quantity="1" unit="" /></cocktail><cocktail title="Cocktail fruit juice for children"><ingredient food="pineapple juice" quantity="5" unit="tsp" /><ingredient food="apple juice" quantity="3" unit="csp" /><ingredient food="ice cube" quantity="2" unit="" /><ingredient food="pineapple" quantity="1" unit="" /><ingredient food="apple" quantity="1" unit="" /><ingredient food="powdered sugar" quantity="1" unit="tsp" /></cocktail><cocktail title="Creole cream (cocktail)"><ingredient food="white rum" quantity="4" unit="cl" /><ingredient food="vermouth" quantity="4" unit="cl" /><ingredient food="lemon juice" quantity="2" unit="cl" /><ingredient food="grenadine" quantity="2" unit="cl" /></cocktail><cocktail title="Fruit cocktail with lime"><ingredient food="coconut milk" quantity="10" unit="cl" /><ingredient food="multivitamin juice" quantity="20" unit="cl" /><ingredient food="lime juice" quantity="1" unit="tsp" /><ingredient food="ice cube" quantity="0" unit="" /><ingredient food="lime" quantity="1" unit="" /></cocktail><cocktail title="White russian cocktail"><ingredient food="vodka" quantity="30" unit="cl" /><ingredient food="creme de cafe" quantity="20" unit="cl" /><ingredient food="whole milk" quantity="30" unit="cl" /><ingredient food="ice cube" quantity="0" unit="" /></cocktail><cocktail title="Margarita"><ingredient food="tequila" quantity="5" unit="cl" /><ingredient food="triple sec" quantity="3" unit="cl" /><ingredient food="lime juice" quantity="2" unit="cl" /><ingredient food="salt" quantity="" unit="" /></cocktail><cocktail title="Rainbow"><ingredient food="orange juice" quantity="10" unit="cl" /><ingredient food="vodka" quantity="3" unit="cl" /><ingredient food="grenadine" quantity="3" unit="cl" /><ingredient food="blue curacao" quantity="2" unit="cl" /></cocktail><cocktail title="Cocktail Sundays snow"><ingredient food="raspberry" quantity="10" unit="" /><ingredient food="currant" quantity="2" unit="" /><ingredient food="grapefruit" quantity="0.5" unit="" /><ingredient food="orange" quantity="1" unit="" /></cocktail><cocktail title="Ginger cosmo"><ingredient food="ginger" quantity="12" unit="g" /><ingredient food="vodka" quantity="3" unit="cl" /><ingredient food="triple sec" quantity="2" unit="cl" /><ingredient food="lime juice" quantity="2" unit="cl" /><ingredient food="cranberry juice" quantity="2" unit="cl" /></cocktail><cocktail title="Pink cocktail whiskey"><ingredient food="raspberry" quantity="400" unit="g" /><ingredient food="coriander" quantity="6" unit="" /><ingredient food="whiskey" quantity="5" unit="cl" /><ingredient food="sour cream" quantity="15" unit="cl" /><ingredient food="pistachio nut" quantity="20" unit="g" /></cocktail><cocktail title="Cocktail grapefruit mint"><ingredient food="grapefruit" quantity="1" unit="" /><ingredient food="ice cube" quantity="2" unit="" /><ingredient food="brown sugar" quantity="2" unit="tsp" /><ingredient food="mint" quantity="10" unit="" /></cocktail><cocktail title="Fruit cocktail"><ingredient food="banana" quantity="1" unit="" /><ingredient food="apple" quantity="1" unit="" /><ingredient food="kiwi fruit" quantity="2" unit="" /><ingredient food="water" quantity="30" unit="cl" /><ingredient food="vanilla sugar" quantity="15" unit="g" /><ingredient food="brown sugar" quantity="15" unit="g" /></cocktail><cocktail title="Champagne cocktail mint lime"><ingredient food="champagne" quantity="10" unit="cl" /><ingredient food="ice cube" quantity="0" unit="" /><ingredient food="lime juice" quantity="1" unit="tsp" /><ingredient food="mint" quantity="2" unit="" /><ingredient food="lemon zest" quantity="1" unit="" /></cocktail><cocktail title="Bloody mary"><ingredient food="vodka" quantity="4" unit="cl" /><ingredient food="tomato juice" quantity="12" unit="cl" /><ingredient food="lemon juice" quantity="0" unit="cl" /><ingredient food="worcestershire sauce" quantity="0" unit="cl" /><ingredient food="tabasco sauce" quantity="" unit="" /><ingredient food="celery salt" quantity="" unit="" /><ingredient food="pepper" quantity="" unit="" /></cocktail><cocktail title="Tequila sunrise"><ingredient food="tequila" quantity="6" unit="cl" /><ingredient food="orange juice" quantity="12" unit="cl" /><ingredient food="grenadine" quantity="2" unit="cl" /></cocktail><cocktail title="Cocktail drink with raspberries"><ingredient food="white wine" quantity="1" unit="l" /><ingredient food="sparkling wine" quantity="2" unit="l" /><ingredient food="raspberry" quantity="250" unit="g" /><ingredient food="sugar" quantity="4" unit="tsp" /></cocktail><cocktail title="Cocktail cardinal"><ingredient food="ice cube" quantity="0" unit="" /><ingredient food="campari" quantity="3" unit="cl" /><ingredient food="noilly prat" quantity="3" unit="cl" /><ingredient food="gin" quantity="3" unit="cl" /></cocktail><cocktail title="Cocktail anapomise"><ingredient food="cherry juice" quantity="25" unit="cl" /><ingredient food="apple juice" quantity="25" unit="cl" /><ingredient food="pineapple juice" quantity="25" unit="cl" /><ingredient food="plum brandy" quantity="2" unit="cl" /><ingredient food="cane sugar" quantity="2" unit="cl" /></cocktail><cocktail title="Daiquiri"><ingredient food="white rum" quantity="4" unit="cl" /><ingredient food="lime juice" quantity="2" unit="cl" /><ingredient food="cane sugar syrup" quantity="1" unit="cl" /><ingredient food="ice cube" quantity="" unit="" /></cocktail><cocktail title="Sangria without alcohol"><ingredient food="sangria syrup" quantity="8" unit="cl" /><ingredient food="grape juice" quantity="100" unit="cl" /><ingredient food="orange juice" quantity="20" unit="cl" /><ingredient food="lemon juice" quantity="10" unit="cl" /><ingredient food="fruit" quantity="" unit="" /></cocktail><cocktail title="Cocktail Tropical Sunshine"><ingredient food="pineapple juice" quantity="10" unit="cl" /><ingredient food="orange juice" quantity="5" unit="cl" /><ingredient food="currant syrup" quantity="2" unit="cl" /><ingredient food="coconut" quantity="1" unit="tsp" /><ingredient food="ice cube" quantity="0" unit="" /></cocktail><cocktail title="Light cocktail martini"><ingredient food="red martini" quantity="1" unit="l" /><ingredient food="sparkling mineral water" quantity="1" unit="l" /><ingredient food="lime" quantity="2" unit="" /><ingredient food="mint" quantity="0" unit="" /><ingredient food="sugar" quantity="2" unit="tsp" /></cocktail><cocktail title="Screwdriver"><ingredient food="vodka" quantity="4" unit="cl" /><ingredient food="orange juice" quantity="12" unit="cl" /></cocktail><cocktail title="Italian prosecco cocktail"><ingredient food="prosecco" quantity="75" unit="cl" /><ingredient food="litchi" quantity="20" unit="" /><ingredient food="litchi juice" quantity="30" unit="cl" /><ingredient food="berry juice" quantity="10" unit="cl" /><ingredient food="lemonade" quantity="1" unit="l" /></cocktail><cocktail title="Virevoltage"><ingredient food="malibu rum" quantity="1" unit="cl" /><ingredient food="litchi liqueur" quantity="1" unit="cl" /><ingredient food="pineapple juice" quantity="5" unit="cl" /><ingredient food="apple juice" quantity="5" unit="cl" /><ingredient food="strawberry" quantity="2" unit="cl" /></cocktail><cocktail title="Lemon-mint cocktail (without alcohol)"><ingredient food="mint" quantity="4" unit="cl" /><ingredient food="cane sugar" quantity="1" unit="tsp" /><ingredient food="lime juice" quantity="2" unit="cl" /><ingredient food="lemon juice" quantity="3" unit="cl" /><ingredient food="mint" quantity="1" unit="" /><ingredient food="lemon slice" quantity="1" unit="" /></cocktail><cocktail title="Champagne cocktail and sake"><ingredient food="champagne" quantity="75" unit="cl" /><ingredient food="rice wine" quantity="16" unit="cl" /><ingredient food="coriander" quantity="4" unit="" /></cocktail><cocktail title="Frosty lime"><ingredient food="lime" quantity="1" unit="" /><ingredient food="grapefruit juice" quantity="2" unit="cl" /><ingredient food="mint syrup" quantity="2" unit="cl" /><ingredient food="mint" quantity="" unit="" /></cocktail><cocktail title="Cocktail Saltwater"><ingredient food="sparkling wine" quantity="4.5" unit="bouteille" /><ingredient food="blue curacao" quantity="20" unit="cl" /><ingredient food="triple sec" quantity="70" unit="cl" /><ingredient food="lemon syrup" quantity="35" unit="cl" /><ingredient food="orange syrup" quantity="35" unit="cl" /><ingredient food="cane sugar" quantity="25" unit="cl" /></cocktail><cocktail title="Grand Marnier sour (cocktail)"><ingredient food="grand marnier" quantity="3" unit="cl" /><ingredient food="lemon juice" quantity="3" unit="cl" /></cocktail><cocktail title="Amber apple cocktail"><ingredient food="apple" quantity="1" unit="" /><ingredient food="lemon" quantity="1" unit="" /><ingredient food="ice cube" quantity="6" unit="" /><ingredient food="apple juice" quantity="10" unit="cl" /><ingredient food="calvados" quantity="5" unit="cl" /><ingredient food="creme de cassis" quantity="10" unit="cl" /><ingredient food="champagne" quantity="7" unit="cl" /><ingredient food="blackcurrant" quantity="0" unit="" /><ingredient food="apple" quantity="0" unit="" /><ingredient food="pineapple" quantity="0" unit="" /></cocktail><cocktail title="Ca&#239;pirinha"><ingredient food="cacha&#231;a" quantity="4" unit="cl" /><ingredient food="lime" quantity="0.5" unit="" /><ingredient food="granulated sugar" quantity="1" unit="tsp" /><ingredient food="ice cube" quantity="1" unit="c" /></cocktail><cocktail title="Whisky Cocktail Cranberries"><ingredient food="whiskey" quantity="3" unit="cl" /><ingredient food="cranberry juice" quantity="6" unit="cl" /></cocktail><cocktail title="Aquarium"><ingredient food="blue curacao" quantity="3" unit="cl" /><ingredient food="white rum" quantity="3" unit="cl" /><ingredient food="tequila" quantity="3" unit="cl" /><ingredient food="martini" quantity="3" unit="cl" /><ingredient food="cane sugar" quantity="10" unit="g" /></cocktail><cocktail title="Melon cocktail bubbles"><ingredient food="melon" quantity="2" unit="" /><ingredient food="cr&#233;mant" quantity="1" unit="l" /><ingredient food="cane sugar" quantity="10" unit="cl" /><ingredient food="lemon" quantity="1" unit="" /><ingredient food="ice cube" quantity="0" unit="" /></cocktail><cocktail title="Le vandetta"><ingredient food="juice" quantity="15" unit="cl" /><ingredient food="orgeat" quantity="2" unit="cl" /><ingredient food="strawberry" quantity="2" unit="cl" /><ingredient food="strawberry" quantity="5" unit="" /></cocktail><cocktail title="Pink 3x6 (cocktail)"><ingredient food="lime" quantity="3" unit="" /><ingredient food="lemon" quantity="3" unit="" /><ingredient food="strawberry juice" quantity="50" unit="cl" /><ingredient food="grapefruit juice" quantity="50" unit="cl" /><ingredient food="fruit syrup" quantity="3" unit="" /><ingredient food="lemonade" quantity="50" unit="cl" /><ingredient food="ice cube" quantity="0" unit="" /></cocktail><cocktail title="Mojito"><ingredient food="white rum" quantity="6" unit="cl" /><ingredient food="mint" quantity="8" unit="" /><ingredient food="lime" quantity="0.5" unit="" /><ingredient food="sugar" quantity="2" unit="tsp" /><ingredient food="sparkling water" quantity="10" unit="cl" /><ingredient food="ice cube" quantity="" unit="" /></cocktail><cocktail title="Cocktail Pomabricotine"><ingredient food="apricot juice" quantity="45" unit="cl" /><ingredient food="apple juice" quantity="45" unit="cl" /><ingredient food="sparkling water" quantity="35" unit="cl" /><ingredient food="liqueur" quantity="3" unit="cl" /><ingredient food="grenadine" quantity="5" unit="cl" /></cocktail><cocktail title="EssaiCCC"><ingredient food="lemon" quantity="2" unit="" /><ingredient food="pear" quantity="3" unit="" /><ingredient food="vodka" quantity="4" unit="" /></cocktail><cocktail title="Baywatch (cocktail of the colors of the famous swimwear ... or almost)"><ingredient food="malibu rum" quantity="50" unit="cl" /><ingredient food="cherry" quantity="50" unit="cl" /><ingredient food="guava juice" quantity="1" unit="l" /><ingredient food="currant" quantity="10" unit="" /></cocktail><cocktail title="Bora bora"><ingredient food="pineapple juice" quantity="10" unit="cl" /><ingredient food="passion fruit juice" quantity="6" unit="cl" /><ingredient food="grenadine" quantity="2" unit="cl" /><ingredient food="lemon juice" quantity="1" unit="cl" /><ingredient food="ice cube" quantity="3" unit="" /></cocktail><cocktail title="Cocktail de fruits"><ingredient food="banana" quantity="1" unit="" /><ingredient food="apple" quantity="1" unit="" /><ingredient food="kiwi fruit" quantity="2" unit="" /><ingredient food="water" quantity="30" unit="cl" /><ingredient food="vanilla sugar" quantity="1" unit="tsp" /><ingredient food="brown_sugar" quantity="3" unit="tsp" /></cocktail><cocktail title="Cocktail latte"><ingredient food="coffee liqueur" quantity="4" unit="cl" /><ingredient food="whiskey" quantity="4" unit="cl" /><ingredient food="rice milk" quantity="30" unit="cl" /><ingredient food="cane sugar" quantity="2" unit="cl" /><ingredient food="ice cube" quantity="4" unit="" /></cocktail><cocktail title="Cocktail kumquat and lychee"><ingredient food="kumquat" quantity="5" unit="" /><ingredient food="litchi" quantity="5" unit="" /><ingredient food="clementine orange" quantity="1" unit="" /><ingredient food="orange" quantity="0.5" unit="" /><ingredient food="water" quantity="1" unit="l" /><ingredient food="lemonade" quantity="1" unit="l" /></cocktail><cocktail title="Mexican cocktail in my way"><ingredient food="tequila" quantity="40" unit="cl" /><ingredient food="guava juice" quantity="1" unit="l" /><ingredient food="pineapple juice" quantity="1" unit="l" /><ingredient food="apple juice" quantity="30" unit="cl" /><ingredient food="vanilla sugar" quantity="15" unit="g" /><ingredient food="mint" quantity="3" unit="" /></cocktail><cocktail title="Fraisalia cocktail (without alcohol)"><ingredient food="strawberry" quantity="500" unit="g" /><ingredient food="orange juice" quantity="50" unit="cl" /><ingredient food="strawberry syrup" quantity="10" unit="cl" /><ingredient food="lemonade" quantity="2" unit="l" /><ingredient food="ice cube" quantity="10" unit="" /></cocktail><cocktail title="Sweet pink cocktail"><ingredient food="raspberry" quantity="150" unit="g" /><ingredient food="lemon" quantity="1" unit="" /><ingredient food="ice cube" quantity="8" unit="" /><ingredient food="grape juice" quantity="10" unit="cl" /><ingredient food="orange juice" quantity="15" unit="cl" /><ingredient food="schweppes" quantity="10" unit="cl" /><ingredient food="berry" quantity="0" unit="" /></cocktail><cocktail title="Red cocktail"><ingredient food="pear liqueur" quantity="2" unit="cl" /><ingredient food="strawberry syrup" quantity="2" unit="cl" /><ingredient food="peach juice" quantity="10" unit="cl" /><ingredient food="vodka" quantity="4" unit="cl" /></cocktail><cocktail title="Cocktail Sweet Melon"><ingredient food="melon" quantity="1" unit="" /><ingredient food="lime" quantity="2" unit="" /><ingredient food="orange juice" quantity="1" unit="l" /><ingredient food="pineapple juice" quantity="1" unit="l" /><ingredient food="soda water" quantity="1" unit="l" /></cocktail><cocktail title="Champagne cocktail"><ingredient food="brown sugar" quantity="1" unit="tsp" /><ingredient food="angostura bitter" quantity="3" unit="" /><ingredient food="cognac" quantity="1" unit="cl" /><ingredient food="champagne" quantity="8" unit="cl" /></cocktail><cocktail title="Cocktail variant (based ros&#233;)"><ingredient food="blush wine" quantity="5.33" unit="l" /><ingredient food="orange syrup" quantity="0.66" unit="l" /><ingredient food="orange juice" quantity="4" unit="l" /></cocktail><cocktail title="Double show"><ingredient food="gin" quantity="6" unit="cl" /><ingredient food="orange juice" quantity="10" unit="cl" /><ingredient food="mint syrup" quantity="2" unit="cl" /><ingredient food="apple liqueur" quantity="2" unit="cl" /></cocktail><cocktail title="Hulk (cocktail)"><ingredient food="white martini" quantity="7" unit="cl" /><ingredient food="get_27" quantity="5" unit="cl" /><ingredient food="grapefruit juice" quantity="6" unit="cl" /></cocktail><cocktail title="Cocktail mexicanos"><ingredient food="beer" quantity="12" unit="cl" /><ingredient food="pineapple juice" quantity="12" unit="cl" /><ingredient food="strawberry syrup" quantity="3" unit="cl" /></cocktail><cocktail title="Black velvet"><ingredient food="stout" quantity="12" unit="cl" /><ingredient food="champagne" quantity="12" unit="cl" /></cocktail><cocktail title="Champagne soup (cocktail)"><ingredient food="cointreau" quantity="8" unit="cl" /><ingredient food="cane sugar" quantity="16" unit="cl" /><ingredient food="lime" quantity="2" unit="" /><ingredient food="ice cube" quantity="1" unit="" /><ingredient food="champagne" quantity="75" unit="cl" /></cocktail><cocktail title="Cuba libre"><ingredient food="white rum" quantity="6" unit="cl" /><ingredient food="lime" quantity="0.5" unit="" /><ingredient food="coca-cola" quantity="15" unit="cl" /></cocktail><cocktail title="Tutti cocktail"><ingredient food="strawberry syrup" quantity="2" unit="cl" /><ingredient food="peach syrup" quantity="2" unit="cl" /><ingredient food="vodka" quantity="4" unit="cl" /><ingredient food="apple" quantity="4" unit="cl" /><ingredient food="ice cube" quantity="5" unit="" /></cocktail><cocktail title="Pi&#241;a colada"><ingredient food="white rum" quantity="4" unit="cl" /><ingredient food="amber rum" quantity="2" unit="cl" /><ingredient food="pineapple juice" quantity="12" unit="cl" /><ingredient food="coconut milk" quantity="4" unit="cl" /><ingredient food="crushed ice" quantity="1" unit="c" /></cocktail><cocktail title="Strawberry Margarita"><ingredient food="ice cube" quantity="0" unit="" /><ingredient food="lime" quantity="2" unit="" /><ingredient food="strawberry" quantity="1" unit="" /><ingredient food="tequila" quantity="20" unit="cl" /><ingredient food="cointreau" quantity="12" unit="cl" /><ingredient food="sugar" quantity="2" unit="tsp" /></cocktail><cocktail title="Pink cocktail pink grapefruit"><ingredient food="blush wine" quantity="75" unit="cl" /><ingredient food="grapefruit juice" quantity="30" unit="cl" /><ingredient food="grenadine" quantity="5" unit="cl" /></cocktail><cocktail title="Bacardi cocktail, grenadine, lemon"><ingredient food="rum" quantity="24" unit="cl" /><ingredient food="grenadine" quantity="6" unit="cl" /><ingredient food="lemon juice" quantity="12" unit="cl" /></cocktail><cocktail title="MTS Cocktail"><ingredient food="martini" quantity="50" unit="cl" /><ingredient food="triple sec" quantity="25" unit="cl" /><ingredient food="cane sugar syrup" quantity="25" unit="cl" /><ingredient food="multivitamin juice" quantity="50" unit="cl" /></cocktail><cocktail title="Madras Cocktail"><ingredient food="orange juice" quantity="40" unit="cl" /><ingredient food="white wine" quantity="20" unit="cl" /><ingredient food="grenadine" quantity="5" unit="cl" /></cocktail><cocktail title="Sweet Excellent Liquor (SEL)"><ingredient food="malibu rum" quantity="125" unit="g" /><ingredient food="vanilla sugar" quantity="50" unit="g" /><ingredient food="pineapple juice" quantity="20" unit="cl" /><ingredient food="white rum" quantity="20" unit="cl" /><ingredient food="ice cube" quantity="0" unit="" /></cocktail></cocktails>